{
  "total_combinations": 1,
  "significant_associations_count": 0,
  "associations": [
    {
      "column1": "C",
      "column2": "D",
      "chi2_statistic": 3.5852558579831326,
      "p_value": 0.16652198620642072,
      "cramers_v": 0.18934771870775557,
      "association_strength": "\ubcf4\ud1b5",
      "significant": "False",
      "top_rules": []
    }
  ],
  "summary": {
    "max_cramers_v": 0.18934771870775557,
    "avg_cramers_v": 0.18934771870775557,
    "strong_associations": 0
  }
}